﻿<?xml version="1.0" encoding="utf-8" ?>
<c2eventsheet>
    <!--All the 'name' attributes are ignored by Construct 2 - they are there for readability only.-->
    <name>EvFase1</name>
    <events>
        <event-block any="1" sid="808095669309552">
            <conditions>
                <condition behavior="Platform" id="3" name="Is jumping" sid="582104258324836" type="Jogador" />
                <condition behavior="Platform" id="4" name="Is falling" sid="369708685101717" type="Jogador" />
            </conditions>
            <actions>
                <action id="4" name="Set animation" sid="356446931080182" type="Jogador">
                    <param id="0" name="Animation">&quot;Pular&quot;</param>
                    <param id="1" name="From">1</param>
                </action>
            </actions>
        </event-block>
        <event-block sid="812078975719332">
            <conditions>
                <condition id="-22" name="Else" sid="522215264494782" type="System" />
            </conditions>
            <actions />
            <sub-events>
                <event-block any="1" sid="504419186329884">
                    <conditions>
                        <condition id="2" name="Key is down" sid="627993280261911" type="Keyboard">
                            <param id="0" name="Key">37</param>
                        </condition>
                        <condition id="2" name="Key is down" sid="436041179446688" type="Keyboard">
                            <param id="0" name="Key">39</param>
                        </condition>
                    </conditions>
                    <actions>
                        <action id="4" name="Set animation" sid="316966413245058" type="Jogador">
                            <param id="0" name="Animation">&quot;Andar&quot;</param>
                            <param id="1" name="From">1</param>
                        </action>
                    </actions>
                    <sub-events>
                        <event-block sid="689781168774181">
                            <conditions>
                                <condition id="2" name="Key is down" sid="190337703690881" type="Keyboard">
                                    <param id="0" name="Key">37</param>
                                </condition>
                            </conditions>
                            <actions>
                                <action id="7" name="Set mirrored" sid="380475726385171" type="Jogador">
                                    <param id="0" name="State">0</param>
                                </action>
                            </actions>
                        </event-block>
                        <event-block sid="799739206550921">
                            <conditions>
                                <condition id="2" name="Key is down" sid="528579816250718" type="Keyboard">
                                    <param id="0" name="Key">39</param>
                                </condition>
                            </conditions>
                            <actions>
                                <action id="7" name="Set mirrored" sid="805130266454027" type="Jogador">
                                    <param id="0" name="State">1</param>
                                </action>
                            </actions>
                        </event-block>
                    </sub-events>
                </event-block>
                <event-block sid="875138983483691">
                    <conditions>
                        <condition id="-22" name="Else" sid="129921246081465" type="System" />
                    </conditions>
                    <actions />
                    <sub-events>
                        <event-block sid="582136762754771">
                            <conditions>
                                <condition behavior="Platform" id="2" name="Is on floor" sid="483970489738272" type="Jogador" />
                            </conditions>
                            <actions>
                                <action id="4" name="Set animation" sid="779361167424833" type="Jogador">
                                    <param id="0" name="Animation">&quot;Parar&quot;</param>
                                    <param id="1" name="From">1</param>
                                </action>
                            </actions>
                        </event-block>
                    </sub-events>
                </event-block>
            </sub-events>
        </event-block>
        <event-block sid="793771396208679">
            <conditions>
                <condition id="0" name="On collision with another object" sid="357424103945662" type="Jogador">
                    <param id="0" name="Object">Morte</param>
                </condition>
            </conditions>
            <actions>
                <action id="-26" name="Restart layout" sid="613056192427677" type="System" />
            </actions>
        </event-block>
        <event-block sid="892094269095322">
            <conditions>
                <condition id="0" name="On collision with another object" sid="773722365355038" type="Jogador">
                    <param id="0" name="Object">SUS</param>
                </condition>
            </conditions>
            <actions>
                <action id="-2" name="Go to layout" sid="417775621298127" type="System">
                    <param id="0" name="Layout">GameOver</param>
                </action>
            </actions>
        </event-block>
    </events>
</c2eventsheet>
